"rank","surname","count"
1,"Smith",2442977
2,"Johnson",1932812
3,"Williams",1625252
4,"Brown",1437026
5,"Jones",1425470
6,"Garcia",1166120
7,"Miller",1161437
8,"Davis",1116357
9,"Rodriguez",1094924
10,"Martinez",1060159
11,"Hernandez",1043281
12,"Lopez",874523
13,"Gonzalez",841025
14,"Wilson",801882
15,"Anderson",784404
16,"Thomas",756142
17,"Taylor",751209
18,"Moore",724374
19,"Jackson",708099
20,"Martin",702625
21,"Lee",693023
22,"Perez",681645
23,"Thompson",664644
24,"White",660491
25,"Harris",624252
26,"Sanchez",612752
27,"Clark",562679
28,"Ramirez",557423
29,"Lewis",531781
30,"Robinson",529821
31,"Walker",523129
32,"Young",484447
33,"Allen",482607
34,"King",465422
35,"Wright",458980
36,"Scott",439530
37,"Torres",437813
38,"Nguyen",437645
39,"Hill",434827
40,"Flores",433969
41,"Green",430182
42,"Adams",427865
43,"Nelson",424958
44,"Baker",419586
45,"Hall",407076
46,"Rivera",391114
47,"Campbell",386157
48,"Mitchell",384486
49,"Carter",376966
50,"Roberts",376774
51,"Gomez",365655
52,"Phillips",360802
53,"Evans",355593
54,"Turner",348627
55,"Diaz",347636
56,"Parker",336221
57,"Cruz",334201
58,"Edwards",332423
59,"Collins",329770
60,"Reyes",327904
61,"Stewart",324957
62,"Morris",318884
63,"Morales",311777
64,"Murphy",308417
65,"Cook",302589
66,"Rogers",302261
67,"Gutierrez",293218
68,"Ortiz",286899
69,"Morgan",286280
70,"Cooper",280791
71,"Peterson",278297
72,"Bailey",277845
73,"Reed",277030
74,"Kelly",267394
75,"Howard",264826
76,"Ramos",263464
77,"Kim",262352
78,"Cox",261231
79,"Ward",260464
80,"Richardson",259798
81,"Watson",252579
82,"Brooks",251663
83,"Chavez",250898
84,"Wood",250715
85,"James",249379
86,"Bennett",247599
87,"Gray",246116
88,"Mendoza",242771
89,"Ruiz",238234
90,"Hughes",236271
91,"Price",235251
92,"Alvarez",233983
93,"Castillo",230420
94,"Sanders",230374
95,"Patel",229973
96,"Myers",229895
97,"Long",229374
98,"Ross",229368
99,"Foster",227764
100,"Jimenez",227118
101,"Powell",224874
102,"Jenkins",222653
103,"Perry",221741
104,"Russell",221558
105,"Sullivan",220990
106,"Bell",220599
107,"Coleman",219070
108,"Butler",218847
109,"Henderson",218393
110,"Barnes",218241
111,"Gonzales",214758
112,"Fisher",214703
113,"Vasquez",212781
114,"Simmons",210182
115,"Romero",208614
116,"Jordan",208403
117,"Patterson",205423
118,"Alexander",204621
119,"Hamilton",201746
120,"Graham",201159
121,"Reynolds",200247
122,"Griffin",198406
123,"Wallace",197276
124,"Moreno",196925
125,"West",195818
126,"Cole",195289
127,"Hayes",194246
128,"Bryant",192773
129,"Herrera",192711
130,"Gibson",190667
131,"Ellis",188968
132,"Tran",188498
133,"Medina",188497
134,"Aguilar",186512
135,"Stevens",185674
136,"Murray",184910
137,"Ford",184832
138,"Castro",184134
139,"Marshall",183922
140,"Owens",182719
141,"Harrison",181091
142,"Fernandez",180842
143,"Mcdonald",180497
144,"Woods",177425
145,"Washington",177386
146,"Kennedy",176865
147,"Wells",176230
148,"Vargas",173835
149,"Henry",170964
150,"Chen",169580
151,"Freeman",169149
152,"Webb",168878
153,"Tucker",167446
154,"Guzman",167044
155,"Burns",165925
156,"Crawford",164457
157,"Olson",164035
158,"Simpson",163181
159,"Porter",163054
160,"Hunter",162440
161,"Gordon",161833
162,"Mendez",161717
163,"Silva",161633
164,"Shaw",160400
165,"Snyder",160262
166,"Mason",160213
167,"Dixon",159480
168,"Munoz",158483
169,"Hunt",158421
170,"Hicks",158320
171,"Holmes",156780
172,"Palmer",156601
173,"Wagner",155795
174,"Black",154738
175,"Robertson",153666
176,"Boyd",153469
177,"Rose",153397
178,"Stone",153329
179,"Salazar",152703
180,"Fox",152334
181,"Warren",152147
182,"Mills",151942
183,"Meyer",150895
184,"Rice",149500
185,"Schmidt",147034
186,"Garza",147005
187,"Daniels",146570
188,"Ferguson",146426
189,"Nichols",145584
190,"Stephens",144646
191,"Soto",144451
192,"Weaver",143837
193,"Ryan",143452
194,"Gardner",142894
195,"Payne",142601
196,"Grant",142277
197,"Dunn",141427
198,"Kelley",140693
199,"Spencer",139951
200,"Hawkins",139751
201,"Arnold",138893
202,"Pierce",138629
203,"Vazquez",138322
204,"Hansen",137977
205,"Peters",137513
206,"Santos",137232
207,"Hart",137184
208,"Bradley",136720
209,"Knight",136713
210,"Elliott",135765
211,"Cunningham",135718
212,"Duncan",135187
213,"Armstrong",135044
214,"Hudson",134963
215,"Carroll",134317
216,"Lane",134227
217,"Riley",133872
218,"Andrews",133799
219,"Alvarado",133501
220,"Ray",133171
221,"Delgado",132985
222,"Berry",132812
223,"Perkins",131440
224,"Hoffman",131401
225,"Johnston",131373
226,"Matthews",131303
227,"Pena",130776
228,"Richards",130529
229,"Contreras",130164
230,"Willis",130152
231,"Carpenter",129898
232,"Lawrence",129699
233,"Sandoval",128948
234,"Guerrero",128677
235,"George",128625
236,"Chapman",127939
237,"Rios",127794
238,"Estrada",127470
239,"Ortega",127256
240,"Watkins",127083
241,"Greene",126101
242,"Nunez",125350
243,"Wheeler",125058
244,"Valdez",124995
245,"Harper",124461
246,"Burke",122877
247,"Larson",122587
248,"Santiago",122212
249,"Maldonado",121526
250,"Morrison",121130
